frame,tempo_segundos,angulo_joelho_direito
0,0.0,146.2558323107541
1,0.03333333333333333,143.01265310099794
2,0.06666666666666667,139.70083091384262
3,0.1,134.2520566527032
4,0.13333333333333333,130.134159336012
5,0.16666666666666666,124.1966642882729
6,0.2,118.40816114053547
7,0.23333333333333334,111.86433538358831
8,0.26666666666666666,107.88596843624049
9,0.3,104.2205112853731
10,0.3333333333333333,98.26588824123482
11,0.36666666666666664,95.84694209339375
12,0.4,91.76948215239997
13,0.43333333333333335,87.80425154306393
14,0.4666666666666667,85.40389306275453
15,0.5,83.66350658924605
16,0.5333333333333333,81.4495550371917
17,0.5666666666666667,80.7821881257744
18,0.6,80.24208140986322
19,0.6333333333333333,79.98381978112383
20,0.6666666666666666,78.6839248715957
21,0.7,77.29042849347802
22,0.7333333333333333,76.39961118732849
23,0.7666666666666667,76.6105304158409
24,0.8,76.29980790402563
25,0.8333333333333334,76.47717821439356
26,0.8666666666666667,76.68930567010023
27,0.9,77.22866739346492
28,0.9333333333333333,77.29019442197128
29,0.9666666666666667,77.88941297288783
30,1.0,78.49845890801973
31,1.0333333333333334,79.77776481692933
32,1.0666666666666667,80.75166512729463
33,1.1,81.7813267597182
34,1.1333333333333333,82.6455055624483
35,1.1666666666666667,84.00848869237471
36,1.2,85.75902225815419
37,1.2333333333333334,87.21544047118188
38,1.2666666666666666,88.67732678898557
39,1.3,91.71781731819895
40,1.3333333333333333,93.49646062420776
41,1.3666666666666667,95.78833324728275
42,1.4,98.32658628992013
43,1.4333333333333333,101.73636789019224
44,1.4666666666666666,104.61483903466805
45,1.5,107.07654914692121
46,1.5333333333333334,109.85801299277789
47,1.5666666666666667,112.8275768456175
48,1.6,117.55383914861115
49,1.6333333333333333,122.77268319691196
50,1.6666666666666667,127.4271065312182
51,1.7,131.96931554020264
52,1.7333333333333334,136.42040757872928
53,1.7666666666666666,141.8129944518585
54,1.8,146.75797873771333
55,1.8333333333333333,151.23088623824657
56,1.8666666666666667,153.61508824816707
57,1.9,155.9182358736693
58,1.9333333333333333,160.25089132660082
59,1.9666666666666666,165.92308595199162
60,2.0,170.47393641751316
61,2.033333333333333,170.68339947822875
62,2.066666666666667,170.93032423871114
63,2.1,171.33622548349237
64,2.1333333333333333,173.1588405672553
65,2.1666666666666665,175.0617193717095
66,2.2,175.05617822109582
67,2.2333333333333334,175.2503926998668
68,2.2666666666666666,176.81959174523993
69,2.3,176.50778205809561
70,2.3333333333333335,176.8978593666403
71,2.3666666666666667,176.91278331217376
72,2.4,176.9552715490586
73,2.433333333333333,176.88393401041566
74,2.466666666666667,176.58614564257505
75,2.5,176.56472576115743
76,2.533333333333333,175.75916121113139
77,2.566666666666667,175.64686338354778
78,2.6,174.90496352382308
79,2.6333333333333333,174.6838172567981
80,2.6666666666666665,174.4819586666105
81,2.7,174.09103986188717
82,2.7333333333333334,173.4792211459279
83,2.7666666666666666,172.60588455165504
84,2.8,170.1340580844954
85,2.8333333333333335,167.9170306027904
86,2.8666666666666667,167.11637411632722
87,2.9,166.10137739405138
88,2.933333333333333,164.47447378731107
89,2.966666666666667,162.1054938542624
90,3.0,158.33056955210117
91,3.033333333333333,155.08290492700817
92,3.066666666666667,154.5450916589592
93,3.1,151.7310504102478
94,3.1333333333333333,149.39149401190792
95,3.1666666666666665,146.99763874683836
96,3.2,144.30019163038787
97,3.2333333333333334,141.26877508516526
98,3.2666666666666666,138.75940642749427
99,3.3,133.18221945113717
100,3.3333333333333335,129.55425662836282
101,3.3666666666666667,126.14452693511753
102,3.4,122.80805552893476
103,3.433333333333333,119.12273080256654
104,3.466666666666667,116.71453813806342
105,3.5,112.08232073113997
106,3.533333333333333,106.23068584111813
107,3.566666666666667,103.08880531737401
108,3.6,99.10991679787944
109,3.6333333333333333,97.64597021826529
110,3.6666666666666665,96.26291402910533
111,3.7,94.99645399870525
112,3.7333333333333334,92.18136662531015
113,3.7666666666666666,89.52554579911578
114,3.8,88.0110531947158
115,3.8333333333333335,86.65913587437899
116,3.8666666666666667,84.50710144352523
117,3.9,83.18234278689631
118,3.933333333333333,81.68965764487126
119,3.966666666666667,80.89790410884775
120,4.0,80.90607791877615
121,4.033333333333333,80.19621348478942
122,4.066666666666666,80.016389104457
123,4.1,79.5528419233738
124,4.133333333333334,79.47045237293673
125,4.166666666666667,79.59112030825452
126,4.2,79.90085786454469
127,4.233333333333333,80.20137367223245
128,4.266666666666667,80.80417050880652
129,4.3,82.47329224768482
130,4.333333333333333,85.05517224289495
131,4.366666666666666,88.66672448296042
132,4.4,91.6085900122796
133,4.433333333333334,95.30483107541728
134,4.466666666666667,100.06080435489368
135,4.5,102.82353249928434
136,4.533333333333333,105.98098708278178
137,4.566666666666666,109.0111078519012
138,4.6,111.43794530012612
139,4.633333333333334,113.7361216369772
140,4.666666666666667,117.26853999607228
141,4.7,120.60894614881228
142,4.733333333333333,123.4193180953308
143,4.766666666666667,127.08820341050969
144,4.8,130.9546551841284
145,4.833333333333333,135.08760086527917
146,4.866666666666666,139.88480558024756
147,4.9,143.0272982260861
148,4.933333333333334,145.21240572537337
149,4.966666666666667,148.59711620920535
150,5.0,152.25308410965755
151,5.033333333333333,157.36056082239548
152,5.066666666666666,160.31837436655726
153,5.1,160.8815967557178
154,5.133333333333334,163.71171577102746
155,5.166666666666667,166.66759455084846
156,5.2,169.74733912084847
157,5.233333333333333,174.9314253111964
158,5.266666666666667,172.79080233296165
159,5.3,171.43772559838268
160,5.333333333333333,172.72430768856813
161,5.366666666666666,173.8656796374768
162,5.4,175.07160912290414
163,5.433333333333334,174.82155083074142
164,5.466666666666667,173.5619747722477
165,5.5,173.46990419478527
166,5.533333333333333,173.76009046573205
167,5.566666666666666,174.40571737414993
168,5.6,173.36177573418746
169,5.633333333333334,174.16793522471124
170,5.666666666666667,174.0651341900666
171,5.7,174.17082663333213
172,5.733333333333333,174.15285440843346
173,5.766666666666667,174.31106468393676
174,5.8,174.5162608688662
175,5.833333333333333,174.6845764261459
176,5.866666666666666,174.73730386263412
177,5.9,175.49071643955216
178,5.933333333333334,175.60801908456114
179,5.966666666666667,175.6146041114029
180,6.0,175.1691176374969
181,6.033333333333333,171.6832516946486
182,6.066666666666666,167.82648703822235
183,6.1,167.41211244527835
184,6.133333333333334,167.1277639236274
185,6.166666666666667,165.44842214553026
186,6.2,163.57376458781528
187,6.233333333333333,161.86872365291768
188,6.266666666666667,159.1307087664086
189,6.3,155.73947021739917
190,6.333333333333333,153.3258447316936
191,6.366666666666666,151.36412158134092
192,6.4,148.38829999949277
193,6.433333333333334,145.12058946054677
194,6.466666666666667,142.1140636569141
195,6.5,138.8244706881378
196,6.533333333333333,135.56916131800892
197,6.566666666666666,130.2795848236675
198,6.6,125.30879518801532
199,6.633333333333334,117.59503925017445
200,6.666666666666667,111.5631914830211
201,6.7,105.82412344982205
202,6.733333333333333,101.50518508094119
203,6.766666666666667,98.68017824947196
204,6.8,96.70016948864313
205,6.833333333333333,94.47192931893152
206,6.866666666666666,92.21305235763796
207,6.9,88.42341049261579
208,6.933333333333334,87.61042577474144
209,6.966666666666667,85.17581463444206
210,7.0,83.13483865673317
211,7.033333333333333,81.29528189274131
212,7.066666666666666,80.9725270928315
213,7.1,80.02673200678936
214,7.133333333333334,80.0866960753719
215,7.166666666666667,79.20345015930928
216,7.2,79.44236067467534
217,7.233333333333333,79.34408777794327
218,7.266666666666667,79.23758258923581
219,7.3,79.12677943558893
220,7.333333333333333,78.96595515628714
221,7.366666666666666,78.91519152663733
222,7.4,79.00417588938677
223,7.433333333333334,79.09649560235687
224,7.466666666666667,79.2985006857126
225,7.5,80.16466840201271
226,7.533333333333333,81.26027604308835
227,7.566666666666666,82.85519830736571
228,7.6,85.07973939673873
229,7.633333333333334,87.22749189065163
230,7.666666666666667,90.13691746864876
231,7.7,92.84406323378296
232,7.733333333333333,95.59260008195555
233,7.766666666666667,99.15548988265917
234,7.8,102.7414070909029
235,7.833333333333333,106.55365962845354
236,7.866666666666666,109.78647670959833
237,7.9,112.45620210848148
238,7.933333333333334,115.56732172607934
239,7.966666666666667,119.91417571316103
240,8.0,125.77088965877832
241,8.033333333333333,130.81680849475532
242,8.066666666666666,135.21028835510776
243,8.1,139.6056460658604
244,8.133333333333333,142.3578218053578
245,8.166666666666666,146.9844291033072
246,8.2,151.33384688962042
247,8.233333333333333,155.02211517539308
248,8.266666666666667,159.04614685601612
249,8.3,163.77422489566283
250,8.333333333333334,168.488160088673
251,8.366666666666667,170.7878224034747
252,8.4,170.76119341006927
253,8.433333333333334,172.35349456327964
254,8.466666666666667,172.33005345556003
255,8.5,173.59691624267055
256,8.533333333333333,175.04887171530476
257,8.566666666666666,176.12232194932264
258,8.6,176.69647883334616
259,8.633333333333333,176.8821147800454
260,8.666666666666666,177.32892193637414
261,8.7,176.93916440876146
262,8.733333333333333,177.15383783525795
263,8.766666666666667,177.14685429071255
264,8.8,176.47461806796665
265,8.833333333333334,176.22654660262984
266,8.866666666666667,176.09474147341058
267,8.9,176.0182039043338
268,8.933333333333334,175.98268815449626
269,8.966666666666667,175.72810396253945
270,9.0,175.451030295536
271,9.033333333333333,175.41982583482994
272,9.066666666666666,175.30128899645
273,9.1,175.25130937081948
274,9.133333333333333,175.26346542276465
275,9.166666666666666,175.17121607783952
276,9.2,175.42495412424591
277,9.233333333333333,175.46110102888173
278,9.266666666666667,175.64731690787704
279,9.3,175.25173998113715
280,9.333333333333334,175.18025480244896
